round_idx,client_id,selected,is_attacker,train_loss,train_acc,update_norm
1,0,True,False,2.2409528064727784,0.25633333333333336,0.2305690348148346
1,1,True,False,2.236912432352702,0.293,0.23227038979530334
1,2,True,False,2.2368177000681557,0.25066666666666665,0.23007217049598694
1,3,True,False,2.2369785124460857,0.26466666666666666,0.23150494694709778
1,4,True,False,2.236223295211792,0.26166666666666666,0.23080876469612122
1,5,True,False,2.2377356713612873,0.22633333333333333,0.22976510226726532
1,6,True,False,2.237982405344645,0.26166666666666666,0.23115651309490204
1,7,True,False,2.2331790301005046,0.2733333333333333,0.23593971133232117
1,8,True,False,2.2345960165659586,0.28833333333333333,0.2360927015542984
1,9,True,False,2.237978198369344,0.224,0.22809921205043793
1,10,True,False,2.237614256540934,0.24933333333333332,0.22935627400875092
1,11,True,False,2.2371175060272215,0.276,0.23592625558376312
1,12,True,False,2.238276679992676,0.251,0.23092682659626007
1,13,True,False,2.238376960118612,0.23833333333333334,0.23255062103271484
1,14,True,False,2.2334580192565916,0.254,0.23766419291496277
1,15,True,False,2.2380306072235108,0.25833333333333336,0.2318095713853836
1,16,True,False,2.2296757678985597,0.25466666666666665,0.23804229497909546
1,17,True,False,2.2349892495473225,0.2673333333333333,0.23445945978164673
1,18,True,False,2.233394863128662,0.2663333333333333,0.23331664502620697
1,19,True,False,2.2315107282002766,0.2643333333333333,0.23929767310619354
2,0,True,False,1.9212242851257324,0.651,0.4124157428741455
2,1,True,False,1.9220503781636555,0.6166666666666667,0.4110995829105377
2,2,True,False,1.9236773268381755,0.5823333333333334,0.4037117660045624
2,3,True,False,1.912261076291402,0.604,0.4168088734149933
2,4,True,False,1.9075174080530803,0.6213333333333333,0.4193906784057617
2,5,True,False,1.9302934567133585,0.5943333333333334,0.4021969139575958
2,6,True,False,1.9172138725916545,0.626,0.4150973856449127
2,7,True,False,1.8997166315714518,0.6313333333333333,0.424482136964798
2,8,True,False,1.9042438151041667,0.644,0.4252159595489502
2,9,True,False,1.9241142644882203,0.6256666666666667,0.4064981937408447
2,10,True,False,1.914878741900126,0.642,0.41133251786231995
2,11,True,False,1.9103862317403157,0.6363333333333333,0.4231942594051361
2,12,True,False,1.9160340226491293,0.6283333333333333,0.415324330329895
2,13,True,False,1.9150379158655801,0.6333333333333333,0.41456615924835205
2,14,True,False,1.90454598236084,0.6383333333333333,0.4207485616207123
2,15,True,False,1.918421140352885,0.628,0.4150872528553009
2,16,True,False,1.9032384452819824,0.63,0.4227900207042694
2,17,True,False,1.9159779396057128,0.6123333333333333,0.41420477628707886
2,18,True,False,1.908408127784729,0.623,0.4175943434238434
2,19,True,False,1.8971777302424113,0.6353333333333333,0.42110615968704224
3,0,True,False,1.630096194903056,0.5933333333333334,0.46000224351882935
3,1,True,False,1.4758166621526083,0.6543333333333333,0.43540534377098083
3,2,True,False,1.510021004041036,0.6323333333333333,0.4599486291408539
3,3,True,False,1.5603261483510336,0.5986666666666667,0.5136314034461975
3,4,True,False,1.600014817237854,0.5896666666666667,0.463805615901947
3,5,True,False,1.6663323103586833,0.5833333333333334,0.5071423649787903
3,6,True,False,1.547468775431315,0.6446666666666667,0.608526349067688
3,7,True,False,1.512845360438029,0.6146666666666667,0.46652135252952576
3,8,True,False,1.438977066675822,0.634,0.465106725692749
3,9,True,False,1.5259982662200928,0.6326666666666667,0.4350471496582031
3,10,True,False,1.5949622138341268,0.5723333333333334,0.4476446807384491
3,11,True,False,1.5915297009150187,0.6006666666666667,0.4860021471977234
3,12,True,False,1.6367854646046955,0.5843333333333334,0.5009137988090515
3,13,True,False,1.5729640556971232,0.6033333333333334,0.47251757979393005
3,14,True,False,1.4054020608266196,0.6513333333333333,0.4660017490386963
3,15,True,False,1.504522575378418,0.6353333333333333,0.4587302803993225
3,16,True,False,1.4817220074335733,0.6076666666666667,0.4581844210624695
3,17,True,False,1.5443549006779989,0.591,0.5029866695404053
3,18,True,False,1.5930304311116537,0.6,0.49271368980407715
3,19,True,False,1.4931131432851155,0.6213333333333333,0.4444918930530548
4,0,True,False,0.9582128947575888,0.7583333333333333,0.36307117342948914
4,1,True,False,1.0424306513468424,0.7366666666666667,0.3381296992301941
4,2,True,False,1.0116729571024576,0.719,0.3757157325744629
4,3,True,False,0.9979805283546448,0.7326666666666667,0.3421260416507721
4,4,True,False,0.9314804185231527,0.7603333333333333,0.3426145613193512
4,5,True,False,0.9242713971138,0.773,0.3529503643512726
4,6,True,False,0.9517561435699463,0.7523333333333333,0.35163643956184387
4,7,True,False,1.0023077853520712,0.7366666666666667,0.3410864770412445
4,8,True,False,0.9165578994750977,0.7716666666666666,0.4390101730823517
4,9,True,False,0.9750348453521729,0.752,0.339576780796051
4,10,True,False,1.0349769757588705,0.7316666666666667,0.35652607679367065
4,11,True,False,1.010800495783488,0.7403333333333333,0.3556089997291565
4,12,True,False,0.9607234112421672,0.747,0.42163118720054626
4,13,True,False,1.026282473564148,0.7403333333333333,0.3437820076942444
4,14,True,False,0.9988392804463705,0.7453333333333333,0.3371911942958832
4,15,True,False,0.920220191637675,0.7656666666666667,0.4222679138183594
4,16,True,False,0.8796640240351359,0.7843333333333333,0.4079059958457947
4,17,True,False,1.0140680150985717,0.7426666666666667,0.3511140048503876
4,18,True,False,0.9086572217941284,0.777,0.42472440004348755
4,19,True,False,0.8681541531880697,0.782,0.37157729268074036
5,0,True,False,0.6624375267028808,0.8146666666666667,0.23970991373062134
5,1,True,False,0.6136777793566386,0.851,0.25240495800971985
5,2,True,False,0.6826534924507142,0.7996666666666666,0.2784726023674011
5,3,True,False,0.7649148548444112,0.772,0.23245136439800262
5,4,True,False,0.6964930116335551,0.806,0.239385187625885
5,5,True,False,0.7969939230283102,0.767,0.25811639428138733
5,6,True,False,0.7813899799982706,0.7873333333333333,0.26865607500076294
5,7,True,False,0.725839208761851,0.793,0.22369268536567688
5,8,True,False,0.6165812862714132,0.836,0.2866237461566925
5,9,True,False,0.7735480572382609,0.7746666666666666,0.23504965007305145
5,10,True,False,0.8675285606384278,0.754,0.27637073397636414
5,11,True,False,0.7093221208254497,0.7996666666666666,0.26201164722442627
5,12,True,False,0.7637920622825622,0.7843333333333333,0.270866334438324
5,13,True,False,0.7136264824867249,0.7863333333333333,0.2398289293050766
5,14,True,False,0.7583022084236145,0.764,0.2358238697052002
5,15,True,False,0.7313435519536337,0.803,0.27811872959136963
5,16,True,False,0.7064710620244344,0.801,0.24166922271251678
5,17,True,False,0.6994321700731914,0.7973333333333333,0.24511346220970154
5,18,True,False,0.7239905519485473,0.7843333333333333,0.259702205657959
5,19,True,False,0.6159204551378886,0.832,0.2578878700733185
6,0,True,False,0.5648903543154399,0.8313333333333334,0.22039277851581573
6,1,True,False,0.6348545490900676,0.7966666666666666,0.2419298142194748
6,2,True,False,0.6680786366462708,0.8156666666666667,0.19887080788612366
6,3,True,False,0.6477713136672973,0.807,0.18310746550559998
6,4,True,False,0.590757510026296,0.825,0.1690644770860672
6,5,True,False,0.6282529865900676,0.8193333333333334,0.19195352494716644
6,6,True,False,0.6125994683901469,0.8026666666666666,0.1917058378458023
6,7,True,False,0.610726866722107,0.8116666666666666,0.17713293433189392
6,8,True,False,0.6033665763537089,0.827,0.2190680205821991
6,9,True,False,0.6731333413124084,0.7766666666666666,0.192575141787529
6,10,True,False,0.6032747389475505,0.8173333333333334,0.19872510433197021
6,11,True,False,0.5833596119880676,0.816,0.17945411801338196
6,12,True,False,0.573538207689921,0.8283333333333334,0.24068540334701538
6,13,True,False,0.6167787872950236,0.8116666666666666,0.1774432212114334
6,14,True,False,0.6360095559755962,0.8153333333333334,0.1871643215417862
6,15,True,False,0.6553155552546184,0.8,0.2121935784816742
6,16,True,False,0.5657507317860921,0.8153333333333334,0.19558484852313995
6,17,True,False,0.5739264101187388,0.8203333333333334,0.1754063218832016
6,18,True,False,0.6139493951797486,0.808,0.1909087896347046
6,19,True,False,0.5808288882573446,0.831,0.19125723838806152
7,0,True,False,0.5155457250277201,0.845,0.18837666511535645
7,1,True,False,0.5101202576955159,0.844,0.1737281233072281
7,2,True,False,0.49684639342625936,0.843,0.1503145843744278
7,3,True,False,0.5585424027442932,0.823,0.20171916484832764
7,4,True,False,0.5162736377716064,0.8466666666666667,0.14697828888893127
7,5,True,False,0.48340794865290326,0.857,0.1590173989534378
7,6,True,False,0.5242001428604126,0.835,0.15170203149318695
7,7,True,False,0.4604626522064209,0.8696666666666667,0.15132667124271393
7,8,True,False,0.48354699405034385,0.858,0.14536449313163757
7,9,True,False,0.5757003418604533,0.8236666666666667,0.14949186146259308
7,10,True,False,0.5843584280014038,0.8223333333333334,0.1634492576122284
7,11,True,False,0.4806976974805196,0.857,0.14826075732707977
7,12,True,False,0.48090610337257383,0.8653333333333333,0.15275724232196808
7,13,True,False,0.5099893172581991,0.846,0.16547439992427826
7,14,True,False,0.5528030228614808,0.8313333333333334,0.17253848910331726
7,15,True,False,0.5159854868253072,0.8476666666666667,0.1733395904302597
7,16,True,False,0.46564898586273196,0.8596666666666667,0.16034415364265442
7,17,True,False,0.5175523224671682,0.843,0.15145546197891235
7,18,True,False,0.540321541706721,0.8253333333333334,0.14887486398220062
7,19,True,False,0.5256030175685883,0.8426666666666667,0.14953282475471497
8,0,True,False,0.43669463698069255,0.8713333333333333,0.1323341727256775
8,1,True,False,0.4512953774134318,0.868,0.1524198353290558
8,2,True,False,0.4562893694241842,0.8583333333333333,0.13393241167068481
8,3,True,False,0.4734854505856832,0.8503333333333334,0.12904249131679535
8,4,True,False,0.5141676426728566,0.8516666666666667,0.15004274249076843
8,5,True,False,0.4457510983943939,0.873,0.13851939141750336
8,6,True,False,0.4481855591932932,0.862,0.15083427727222443
8,7,True,False,0.4227967111269633,0.8766666666666667,0.13376055657863617
8,8,True,False,0.4123704999287923,0.8863333333333333,0.13625827431678772
8,9,True,False,0.46995503679911294,0.8536666666666667,0.14058105647563934
8,10,True,False,0.5278080577850341,0.843,0.15875034034252167
8,11,True,False,0.452217090845108,0.8633333333333333,0.1309128850698471
8,12,True,False,0.4666109051704407,0.857,0.12087922543287277
8,13,True,False,0.46167789729436237,0.8613333333333333,0.1380554437637329
8,14,True,False,0.4409894526004791,0.8636666666666667,0.13371987640857697
8,15,True,False,0.4422411989370982,0.865,0.1269283890724182
8,16,True,False,0.42389749495188395,0.872,0.1426631659269333
8,17,True,False,0.4627782021363576,0.8563333333333333,0.13706272840499878
8,18,True,False,0.4201971133550008,0.8823333333333333,0.13630889356136322
8,19,True,False,0.4185970084667206,0.8793333333333333,0.1438239961862564
9,0,True,False,0.4691823485692342,0.8606666666666667,0.1362345963716507
9,1,True,False,0.40893181451161703,0.8866666666666667,0.12033481895923615
9,2,True,False,0.48398558656374613,0.8406666666666667,0.1368267685174942
9,3,True,False,0.41546608265240986,0.8753333333333333,0.11842735856771469
9,4,True,False,0.4341819752852122,0.8773333333333333,0.10812044143676758
9,5,True,False,0.3881469000975291,0.888,0.11739113181829453
9,6,True,False,0.37928246235847474,0.889,0.12333203852176666
9,7,True,False,0.4325251806577047,0.868,0.11426213383674622
9,8,True,False,0.3862846697171529,0.8936666666666667,0.13606856763362885
9,9,True,False,0.4286877646446228,0.87,0.1473308652639389
9,10,True,False,0.4774562385082245,0.8623333333333333,0.13509602844715118
9,11,True,False,0.3821794015566508,0.8936666666666667,0.11409678310155869
9,12,True,False,0.3981123114426931,0.89,0.11489496380090714
9,13,True,False,0.4065305388768514,0.8816666666666667,0.12304716557264328
9,14,True,False,0.4655835641225179,0.848,0.16793489456176758
9,15,True,False,0.4169134296576182,0.8816666666666667,0.11131946742534637
9,16,True,False,0.3777776784896851,0.889,0.12705259025096893
9,17,True,False,0.45863985347747804,0.8516666666666667,0.14627699553966522
9,18,True,False,0.39385358985265095,0.8906666666666667,0.10963991284370422
9,19,True,False,0.40923139413197834,0.8783333333333333,0.13076046109199524
10,0,True,False,0.39267352390289306,0.888,0.11520079523324966
10,1,True,False,0.3856671447753906,0.8883333333333333,0.11806587129831314
10,2,True,False,0.3716606080532074,0.888,0.11149293184280396
10,3,True,False,0.4479899509747823,0.864,0.12661947309970856
10,4,True,False,0.4068994143009186,0.8796666666666667,0.11438701301813126
10,5,True,False,0.37365327111879987,0.894,0.10425108671188354
10,6,True,False,0.37459724815686546,0.8893333333333333,0.11194058507680893
10,7,True,False,0.41528675468762716,0.8763333333333333,0.1075839251279831
10,8,True,False,0.34549162117640175,0.9083333333333333,0.10936035215854645
10,9,True,False,0.40533337410291037,0.877,0.11760569363832474
10,10,True,False,0.4238534501393636,0.876,0.12969936430454254
10,11,True,False,0.3906554430325826,0.8853333333333333,0.14790481328964233
10,12,True,False,0.41982456827163694,0.873,0.1253465861082077
10,13,True,False,0.47155669140815737,0.8503333333333334,0.14918763935565948
10,14,True,False,0.37160160128275554,0.889,0.12005437165498734
10,15,True,False,0.3589073263804118,0.8993333333333333,0.10835307836532593
10,16,True,False,0.32716602079073587,0.9096666666666666,0.1125144213438034
10,17,True,False,0.38384682416915894,0.8873333333333333,0.11756189912557602
10,18,True,False,0.37752214129765826,0.8936666666666667,0.10369032621383667
10,19,True,False,0.3902237343788147,0.8846666666666667,0.12196332216262817
11,0,True,False,0.35062830233573916,0.8973333333333333,0.09869265556335449
11,1,True,False,0.3618454630374908,0.8966666666666666,0.10033450275659561
11,2,True,False,0.39844437646865843,0.879,0.12883546948432922
11,3,True,False,0.38028321210543314,0.885,0.12407547235488892
11,4,True,False,0.3590373377005259,0.8946666666666667,0.09752850979566574
11,5,True,False,0.3633502447605133,0.8976666666666666,0.13646332919597626
11,6,True,False,0.3671048364639282,0.8916666666666667,0.13280494511127472
11,7,True,False,0.34896737162272135,0.8973333333333333,0.11647290736436844
11,8,True,False,0.3782641334533691,0.8966666666666666,0.1392020583152771
11,9,True,False,0.38164040819803874,0.8826666666666667,0.11871635168790817
11,10,True,False,0.3885388128757477,0.8843333333333333,0.12090162932872772
11,11,True,False,0.3545049153168996,0.901,0.09571148455142975
11,12,True,False,0.35643049573898317,0.899,0.10349519550800323
11,13,True,False,0.35380821442604066,0.8976666666666666,0.12537506222724915
11,14,True,False,0.35638832664489745,0.8923333333333333,0.12886527180671692
11,15,True,False,0.34701349314053853,0.91,0.10078699886798859
11,16,True,False,0.3176153075695038,0.9043333333333333,0.11285768449306488
11,17,True,False,0.34532583061854044,0.901,0.10552604496479034
11,18,True,False,0.35600405343373615,0.899,0.10746340453624725
11,19,True,False,0.34383736093839007,0.9003333333333333,0.10515980422496796
12,0,True,False,0.32282576553026837,0.9053333333333333,0.0927087739109993
12,1,True,False,0.335514722665151,0.9063333333333333,0.10528866201639175
12,2,True,False,0.3380283715724945,0.901,0.10327828675508499
12,3,True,False,0.3464274484316508,0.897,0.11083168536424637
12,4,True,False,0.3430513141155243,0.9043333333333333,0.11120077967643738
12,5,True,False,0.32919393277168274,0.9096666666666666,0.0991886556148529
12,6,True,False,0.38627099053064984,0.8796666666666667,0.12127448618412018
12,7,True,False,0.3274639127254486,0.9043333333333333,0.11534667015075684
12,8,True,False,0.32926855627695717,0.9143333333333333,0.09402834624052048
12,9,True,False,0.3772439781030019,0.889,0.1129615306854248
12,10,True,False,0.35736945605278014,0.898,0.10721144825220108
12,11,True,False,0.32629012362162274,0.905,0.10442312061786652
12,12,True,False,0.33965687243143716,0.9013333333333333,0.09653576463460922
12,13,True,False,0.32819113715489706,0.9013333333333333,0.10246170312166214
12,14,True,False,0.3162793068091075,0.9083333333333333,0.09799034893512726
12,15,True,False,0.36469802451133726,0.8976666666666666,0.10120823979377747
12,16,True,False,0.2923368924458822,0.9163333333333333,0.09428940713405609
12,17,True,False,0.31024206439654034,0.91,0.09809386730194092
12,18,True,False,0.37365153614679975,0.8826666666666667,0.10524485260248184
12,19,True,False,0.3363513045310974,0.898,0.09937157481908798
13,0,True,False,0.32431576347351077,0.906,0.10083207488059998
13,1,True,False,0.34199404215812684,0.9036666666666666,0.09923744201660156
13,2,True,False,0.34850577783584596,0.8993333333333333,0.1090669333934784
13,3,True,False,0.3410794206460317,0.8943333333333333,0.09688358008861542
13,4,True,False,0.32811593238512676,0.9056666666666666,0.11058182269334793
13,5,True,False,0.3330365988413493,0.9086666666666666,0.10891715437173843
13,6,True,False,0.3470357462565104,0.9016666666666666,0.11375493556261063
13,7,True,False,0.31300252230962117,0.908,0.09123746305704117
13,8,True,False,0.3141411848862966,0.9126666666666666,0.11294043064117432
13,9,True,False,0.37180829922358194,0.89,0.11461468040943146
13,10,True,False,0.3672245460351308,0.887,0.14380750060081482
13,11,True,False,0.3117025353908539,0.909,0.0950998067855835
13,12,True,False,0.3488553215662638,0.8966666666666666,0.12290298938751221
13,13,True,False,0.32277345887819925,0.9076666666666666,0.10451719909906387
13,14,True,False,0.3096619661649068,0.906,0.10161539912223816
13,15,True,False,0.3517419280211131,0.8983333333333333,0.11368825286626816
13,16,True,False,0.31160111021995546,0.9053333333333333,0.11284106969833374
13,17,True,False,0.3131837410926819,0.9053333333333333,0.09328532963991165
13,18,True,False,0.3243025004863739,0.9103333333333333,0.09431968629360199
13,19,True,False,0.3133744322458903,0.9073333333333333,0.10278197377920151
14,0,True,False,0.284652974764506,0.9233333333333333,0.08780045807361603
14,1,True,False,0.310650910059611,0.914,0.09472128003835678
14,2,True,False,0.3030829768975576,0.9133333333333333,0.09747534990310669
14,3,True,False,0.31863748288154603,0.9036666666666666,0.12517260015010834
14,4,True,False,0.3207595603466034,0.9056666666666666,0.10116163641214371
14,5,True,False,0.30500582591692604,0.9136666666666666,0.09229724854230881
14,6,True,False,0.32151320584615073,0.8983333333333333,0.10430736839771271
14,7,True,False,0.320137126604716,0.91,0.10880886763334274
14,8,True,False,0.31321545513470966,0.9116666666666666,0.08786576241254807
14,9,True,False,0.3173982729911804,0.9096666666666666,0.10263682156801224
14,10,True,False,0.3422662332057953,0.897,0.11964752525091171
14,11,True,False,0.3038107968966166,0.913,0.10171642899513245
14,12,True,False,0.3427782215277354,0.9003333333333333,0.1104673370718956
14,13,True,False,0.3578979320526123,0.8876666666666667,0.13866131007671356
14,14,True,False,0.2976338555812836,0.909,0.10379356145858765
14,15,True,False,0.30674374747276306,0.9133333333333333,0.09087033569812775
14,16,True,False,0.2763712175687154,0.917,0.08327623456716537
14,17,True,False,0.32334766308466595,0.901,0.10302582383155823
14,18,True,False,0.30484261067708335,0.911,0.09648245573043823
14,19,True,False,0.3191643837292989,0.9046666666666666,0.09781472384929657
15,0,True,False,0.27796815999348956,0.9243333333333333,0.10060624778270721
15,1,True,False,0.29446520137786864,0.9103333333333333,0.08937563747167587
15,2,True,False,0.2989719944000244,0.9116666666666666,0.10923133790493011
15,3,True,False,0.3428381505807241,0.892,0.09996993839740753
15,4,True,False,0.30569559200604757,0.9113333333333333,0.0950046256184578
15,5,True,False,0.2870851598580678,0.9216666666666666,0.08816543221473694
15,6,True,False,0.29085437941551207,0.9156666666666666,0.09887924790382385
15,7,True,False,0.31021184770266214,0.9073333333333333,0.10141621530056
15,8,True,False,0.28079449915885923,0.927,0.0830371156334877
15,9,True,False,0.3382944161891937,0.8983333333333333,0.12041815370321274
15,10,True,False,0.30848863554000855,0.908,0.10016997158527374
15,11,True,False,0.2816054453055064,0.919,0.09157305210828781
15,12,True,False,0.29995047982533773,0.9163333333333333,0.08436837792396545
15,13,True,False,0.31206996671358744,0.9043333333333333,0.09979546070098877
15,14,True,False,0.2911545490423838,0.9116666666666666,0.09828846901655197
15,15,True,False,0.31723715662956237,0.9093333333333333,0.11604367941617966
15,16,True,False,0.26413678232828774,0.922,0.08850817382335663
15,17,True,False,0.2738827763398488,0.9223333333333333,0.08752180635929108
15,18,True,False,0.29796165867646535,0.9126666666666666,0.08208555728197098
15,19,True,False,0.287593252658844,0.919,0.0940193459391594
16,0,True,False,0.2638145349025726,0.926,0.08193209022283554
16,1,True,False,0.28473688220977783,0.9203333333333333,0.09027935564517975
16,2,True,False,0.2899013868172963,0.9083333333333333,0.10580751299858093
16,3,True,False,0.29789901383717854,0.9103333333333333,0.09182290732860565
16,4,True,False,0.29573627734184266,0.9116666666666666,0.0953163132071495
16,5,True,False,0.28660173980395,0.9176666666666666,0.08805322647094727
16,6,True,False,0.2843275572458903,0.917,0.1051785871386528
16,7,True,False,0.27847288568814593,0.9203333333333333,0.09232170879840851
16,8,True,False,0.26680121692021685,0.926,0.08172108232975006
16,9,True,False,0.33449737397829693,0.8943333333333333,0.11786413937807083
16,10,True,False,0.2951761791706085,0.913,0.09161334484815598
16,11,True,False,0.28815399773915606,0.92,0.09432125836610794
16,12,True,False,0.2916834592819214,0.917,0.08508243411779404
16,13,True,False,0.3132358671029409,0.8986666666666666,0.10023736953735352
16,14,True,False,0.27467316524187724,0.9196666666666666,0.09816356748342514
16,15,True,False,0.29494870964686076,0.9153333333333333,0.08710165321826935
16,16,True,False,0.2852238903840383,0.9173333333333333,0.08725330233573914
16,17,True,False,0.2822799362341563,0.9166666666666666,0.0881880670785904
16,18,True,False,0.287625940322876,0.914,0.08826993405818939
16,19,True,False,0.27693706067403157,0.9156666666666666,0.08096686750650406
17,0,True,False,0.26470834986368813,0.9266666666666666,0.08973892033100128
17,1,True,False,0.27528582791487377,0.9216666666666666,0.08804382383823395
17,2,True,False,0.27624360871315,0.916,0.0908760353922844
17,3,True,False,0.2837576355934143,0.9136666666666666,0.11426801234483719
17,4,True,False,0.29792121807734173,0.9153333333333333,0.08340385556221008
17,5,True,False,0.2761526346206665,0.923,0.09127550572156906
17,6,True,False,0.2754547691345215,0.917,0.1016087681055069
17,7,True,False,0.26568972412745157,0.9223333333333333,0.08420763164758682
17,8,True,False,0.2584031569957733,0.9303333333333333,0.0781550258398056
17,9,True,False,0.2773546508948008,0.917,0.09075937420129776
17,10,True,False,0.30466593821843463,0.9063333333333333,0.1416887491941452
17,11,True,False,0.2627001254558563,0.9256666666666666,0.09282584488391876
17,12,True,False,0.28490148560206097,0.9223333333333333,0.08815687894821167
17,13,True,False,0.280898845911026,0.9136666666666666,0.09185165166854858
17,14,True,False,0.27659562039375307,0.9143333333333333,0.09844866394996643
17,15,True,False,0.2874535775184631,0.9156666666666666,0.08221361041069031
17,16,True,False,0.24586100657780965,0.926,0.09393653273582458
17,17,True,False,0.2689010829925537,0.9203333333333333,0.1066884770989418
17,18,True,False,0.2818198989232381,0.9156666666666666,0.08836428076028824
17,19,True,False,0.2698137005964915,0.9233333333333333,0.08646304905414581
18,0,True,False,0.25494913427035015,0.927,0.09661699086427689
18,1,True,False,0.2657742332617442,0.9256666666666666,0.08423491567373276
18,2,True,False,0.26503977859020234,0.915,0.08140265941619873
18,3,True,False,0.28596676762898765,0.915,0.11360203474760056
18,4,True,False,0.2677719890276591,0.922,0.08153295516967773
18,5,True,False,0.2712759846051534,0.926,0.09649341553449631
18,6,True,False,0.2685282368659973,0.9183333333333333,0.09444234520196915
18,7,True,False,0.2604527729352315,0.926,0.08673680573701859
18,8,True,False,0.2520297466913859,0.9343333333333333,0.07854584604501724
18,9,True,False,0.2818696104685465,0.9093333333333333,0.08730627596378326
18,10,True,False,0.2896072467962901,0.916,0.09331224858760834
18,11,True,False,0.25518305667241414,0.9273333333333333,0.07768163084983826
18,12,True,False,0.28020109148820244,0.921,0.08230918645858765
18,13,True,False,0.25803360613187154,0.9236666666666666,0.09147153794765472
18,14,True,False,0.25516535993417105,0.921,0.08617192506790161
18,15,True,False,0.2676052838166555,0.9236666666666666,0.08372937887907028
18,16,True,False,0.2708263161579768,0.9163333333333333,0.09557079523801804
18,17,True,False,0.25698803102970125,0.9246666666666666,0.08766337484121323
18,18,True,False,0.26475975394248963,0.925,0.07910195738077164
18,19,True,False,0.2990455462932587,0.9066666666666666,0.10378094762563705
19,0,True,False,0.24496595493952433,0.9296666666666666,0.08010707795619965
19,1,True,False,0.25785272725423175,0.929,0.08764652162790298
19,2,True,False,0.26533847749233247,0.918,0.08988181501626968
19,3,True,False,0.258125510931015,0.9216666666666666,0.0849059522151947
19,4,True,False,0.28152198672294615,0.9193333333333333,0.0978325605392456
19,5,True,False,0.26002823193868,0.925,0.09067201614379883
19,6,True,False,0.2753943766752879,0.913,0.08834502846002579
19,7,True,False,0.2833072118759155,0.9143333333333333,0.12031751871109009
19,8,True,False,0.2466305164496104,0.9316666666666666,0.07936081290245056
19,9,True,False,0.2616780711809794,0.9236666666666666,0.0886174738407135
19,10,True,False,0.2785622378985087,0.9193333333333333,0.10401123762130737
19,11,True,False,0.25283574358622235,0.925,0.08725786954164505
19,12,True,False,0.2617534800370534,0.9256666666666666,0.08262672275304794
19,13,True,False,0.2539617838859558,0.9213333333333333,0.08214131742715836
19,14,True,False,0.2558072594006856,0.925,0.1269446462392807
19,15,True,False,0.25860192998250325,0.9223333333333333,0.08188413083553314
19,16,True,False,0.23322845641771953,0.9336666666666666,0.0812452882528305
19,17,True,False,0.25100487581888836,0.926,0.09115450084209442
19,18,True,False,0.26308778635660807,0.9223333333333333,0.08808017522096634
19,19,True,False,0.2535641178290049,0.9243333333333333,0.0950259417295456
20,0,True,False,0.2598280146916707,0.9233333333333333,0.08429296314716339
20,1,True,False,0.25398722958564757,0.9243333333333333,0.09325235337018967
20,2,True,False,0.25201016330718995,0.923,0.08696956932544708
20,3,True,False,0.26479009008407595,0.918,0.09054374694824219
20,4,True,False,0.2653514912923177,0.917,0.0967676192522049
20,5,True,False,0.2514149669011434,0.929,0.08613483607769012
20,6,True,False,0.24416287827491762,0.9276666666666666,0.08510048687458038
20,7,True,False,0.2567393445968628,0.9246666666666666,0.0767979770898819
20,8,True,False,0.2407084984779358,0.936,0.07697182148694992
20,9,True,False,0.2487342844804128,0.93,0.08678652346134186
20,10,True,False,0.3409927030404409,0.8973333333333333,0.12051805853843689
20,11,True,False,0.2426360108057658,0.931,0.08515597134828568
20,12,True,False,0.25550883571306865,0.921,0.0828615203499794
20,13,True,False,0.2558758539358775,0.9203333333333333,0.08576042205095291
20,14,True,False,0.24352037747701008,0.9263333333333333,0.09070773422718048
20,15,True,False,0.25550903256734214,0.925,0.08651197701692581
20,16,True,False,0.22806109182039896,0.93,0.08912293612957001
20,17,True,False,0.23762475371360778,0.9343333333333333,0.07734139263629913
20,18,True,False,0.2567703545888265,0.92,0.08473443984985352
20,19,True,False,0.26043248136838276,0.9226666666666666,0.0921175628900528
21,0,True,False,0.22931242819627126,0.9356666666666666,0.08101703226566315
21,1,True,False,0.24262822739283244,0.9326666666666666,0.09747125953435898
21,2,True,False,0.23492806390921275,0.9293333333333333,0.08195791393518448
21,3,True,False,0.25785563735167183,0.9193333333333333,0.08326461911201477
21,4,True,False,0.24546333050727845,0.929,0.0814439207315445
21,5,True,False,0.2517004696528117,0.931,0.08219055086374283
21,6,True,False,0.2348801374832789,0.9303333333333333,0.08517833799123764
21,7,True,False,0.24035852046807607,0.9293333333333333,0.0832323506474495
21,8,True,False,0.23652673268318175,0.9333333333333333,0.07483110576868057
21,9,True,False,0.24449266382058463,0.929,0.07915282994508743
21,10,True,False,0.25680695414543153,0.925,0.09555301070213318
21,11,True,False,0.259210364818573,0.9226666666666666,0.08811590075492859
21,12,True,False,0.25141419486204786,0.9303333333333333,0.07736659049987793
21,13,True,False,0.24141719301541648,0.9273333333333333,0.09103956073522568
21,14,True,False,0.220426265279452,0.937,0.08497229963541031
21,15,True,False,0.2533080515066783,0.9276666666666666,0.08289945870637894
21,16,True,False,0.22125343485673268,0.9326666666666666,0.08464528620243073
21,17,True,False,0.23880980857213338,0.9333333333333333,0.09036645293235779
21,18,True,False,0.2504872619708379,0.923,0.08728910237550735
21,19,True,False,0.23719264300664267,0.9276666666666666,0.08151724189519882
22,0,True,False,0.22114679809411367,0.9376666666666666,0.07723145931959152
22,1,True,False,0.24531132864952088,0.9283333333333333,0.0845538079738617
22,2,True,False,0.2390991926987966,0.926,0.08360187709331512
22,3,True,False,0.2617743651072184,0.919,0.11706148087978363
22,4,True,False,0.248577756802241,0.9236666666666666,0.0907217487692833
22,5,True,False,0.2313287003437678,0.9356666666666666,0.07583912461996078
22,6,True,False,0.22659954559803008,0.9356666666666666,0.08121629804372787
22,7,True,False,0.24912252207597096,0.9276666666666666,0.08416654914617538
22,8,True,False,0.22112586490313213,0.9383333333333334,0.0766364336013794
22,9,True,False,0.24262604967753093,0.9293333333333333,0.08651497960090637
22,10,True,False,0.25136606363455455,0.9276666666666666,0.08873721212148666
22,11,True,False,0.22438058511416117,0.9366666666666666,0.07856719940900803
22,12,True,False,0.2404028073946635,0.93,0.07966797798871994
22,13,True,False,0.2464821288585663,0.9263333333333333,0.08983775228261948
22,14,True,False,0.21461841563383738,0.938,0.08132465928792953
22,15,True,False,0.24324954001108806,0.9306666666666666,0.08155274391174316
22,16,True,False,0.21356962390740714,0.9363333333333334,0.08463960886001587
22,17,True,False,0.22996742792924246,0.931,0.08735623210668564
22,18,True,False,0.2417747288942337,0.928,0.08764360100030899
22,19,True,False,0.24428307235240937,0.9283333333333333,0.0852329358458519
23,0,True,False,0.2194087437391281,0.935,0.07637474685907364
23,1,True,False,0.23463237055142722,0.929,0.0885004848241806
23,2,True,False,0.25051763621966044,0.9263333333333333,0.12174171954393387
23,3,True,False,0.23792554171880087,0.9286666666666666,0.08912713080644608
23,4,True,False,0.24617369802792868,0.9283333333333333,0.08304185420274734
23,5,True,False,0.2286881852944692,0.934,0.08322463184595108
23,6,True,False,0.22843933534622193,0.932,0.09777059406042099
23,7,True,False,0.22110816693305968,0.9346666666666666,0.08023598045110703
23,8,True,False,0.22814673097928365,0.9386666666666666,0.08133266866207123
23,9,True,False,0.2509593103726705,0.925,0.09679976105690002
23,10,True,False,0.23736956508954365,0.9316666666666666,0.08043462783098221
23,11,True,False,0.22529178071022032,0.935,0.08641967177391052
23,12,True,False,0.24012750681241354,0.935,0.07959118485450745
23,13,True,False,0.2340788777669271,0.9263333333333333,0.08714921027421951
23,14,True,False,0.209291654864947,0.9366666666666666,0.08171765506267548
23,15,True,False,0.240928564508756,0.9276666666666666,0.08160077035427094
23,16,True,False,0.2028128621975581,0.9406666666666667,0.07262780517339706
23,17,True,False,0.236904261469841,0.9316666666666666,0.08080651611089706
23,18,True,False,0.23363335931301116,0.932,0.08438796550035477
23,19,True,False,0.2332530880769094,0.9306666666666666,0.10021684318780899
24,0,True,False,0.2132382814089457,0.9393333333333334,0.08391892164945602
24,1,True,False,0.2162857186794281,0.938,0.07617776095867157
24,2,True,False,0.219066912929217,0.936,0.07863449305295944
24,3,True,False,0.22815749128659565,0.931,0.09221313148736954
24,4,True,False,0.25061991274356843,0.9266666666666666,0.0934896320104599
24,5,True,False,0.2167311495145162,0.9383333333333334,0.07953840494155884
24,6,True,False,0.22161594223976136,0.939,0.08818349987268448
24,7,True,False,0.21521310750643413,0.9346666666666666,0.07572757452726364
24,8,True,False,0.2126229023138682,0.941,0.0804126113653183
24,9,True,False,0.22305659238497416,0.9366666666666666,0.08106302469968796
24,10,True,False,0.23113518039385478,0.936,0.08247745037078857
24,11,True,False,0.22715114895502725,0.9316666666666666,0.07904797047376633
24,12,True,False,0.2362647213935852,0.935,0.08979637175798416
24,13,True,False,0.22144558354218802,0.929,0.07998959720134735
24,14,True,False,0.19907820697625478,0.94,0.07625390589237213
24,15,True,False,0.23982648158073425,0.9283333333333333,0.11285361647605896
24,16,True,False,0.20088029917081196,0.9393333333333334,0.07656354457139969
24,17,True,False,0.2149499250650406,0.936,0.08587337285280228
24,18,True,False,0.22168919400374096,0.937,0.076078400015831
24,19,True,False,0.24204120190938314,0.9256666666666666,0.09897233545780182
25,0,True,False,0.20268004179000854,0.9416666666666667,0.07687996327877045
25,1,True,False,0.22375128908952077,0.93,0.08347668498754501
25,2,True,False,0.21723201211293539,0.933,0.07889816910028458
25,3,True,False,0.21932967154184976,0.9336666666666666,0.09274979680776596
25,4,True,False,0.22920909202098846,0.933,0.0785178393125534
25,5,True,False,0.22412848810354868,0.9363333333333334,0.07858359068632126
25,6,True,False,0.21340372172991434,0.9363333333333334,0.0756392851471901
25,7,True,False,0.20628029735883077,0.944,0.07043811678886414
25,8,True,False,0.2087054194609324,0.944,0.07709290087223053
25,9,True,False,0.21870740119616192,0.939,0.08373354375362396
25,10,True,False,0.2441310711701711,0.9316666666666666,0.09557779133319855
25,11,True,False,0.20647396409511568,0.9416666666666667,0.07673288881778717
25,12,True,False,0.22338864143689474,0.9393333333333334,0.07453925907611847
25,13,True,False,0.21275592215855915,0.9346666666666666,0.07710468024015427
25,14,True,False,0.20945327190558116,0.9353333333333333,0.0790194422006607
25,15,True,False,0.23057746307055155,0.9343333333333333,0.0823221504688263
25,16,True,False,0.19413026758035024,0.9406666666666667,0.07402338087558746
25,17,True,False,0.2172790724436442,0.9363333333333334,0.07516077905893326
25,18,True,False,0.22383500675360363,0.9346666666666666,0.07102755457162857
25,19,True,False,0.2257068688472112,0.9336666666666666,0.0949753150343895
26,0,True,False,0.19786875140666962,0.9436666666666667,0.07273261994123459
26,1,True,False,0.2060013378461202,0.938,0.0742163434624672
26,2,True,False,0.20486549866199494,0.94,0.08181723207235336
26,3,True,False,0.22116727753480275,0.9333333333333333,0.08756102621555328
26,4,True,False,0.21961414102713267,0.9356666666666666,0.08660216629505157
26,5,True,False,0.20995877901713053,0.942,0.07008965313434601
26,6,True,False,0.22433299295107523,0.9366666666666666,0.09666144847869873
26,7,True,False,0.2063579351902008,0.9416666666666667,0.07198625057935715
26,8,True,False,0.20814790344238282,0.942,0.08993280678987503
26,9,True,False,0.2225481814146042,0.9346666666666666,0.08438820391893387
26,10,True,False,0.22548197563489278,0.9363333333333334,0.08220691233873367
26,11,True,False,0.20695315257708233,0.939,0.08234553039073944
26,12,True,False,0.21478729661305745,0.939,0.07546661049127579
26,13,True,False,0.2259717286427816,0.9266666666666666,0.08713018149137497
26,14,True,False,0.19282709002494813,0.9446666666666667,0.07647212594747543
26,15,True,False,0.2160757465362549,0.94,0.07389479875564575
26,16,True,False,0.1876061858733495,0.9433333333333334,0.07701151818037033
26,17,True,False,0.20474421878655752,0.941,0.08303826302289963
26,18,True,False,0.21308747180302937,0.9373333333333334,0.07805763930082321
26,19,True,False,0.1983428339958191,0.9396666666666667,0.075374536216259
27,0,True,False,0.19276557389895121,0.9456666666666667,0.07326312363147736
27,1,True,False,0.21473519170284272,0.9386666666666666,0.07552466541528702
27,2,True,False,0.21876880311965943,0.9313333333333333,0.0875634253025055
27,3,True,False,0.2255599422454834,0.927,0.09058677405118942
27,4,True,False,0.2319450962940852,0.931,0.08544927835464478
27,5,True,False,0.2091999137798945,0.9396666666666667,0.07156578451395035
27,6,True,False,0.20066838224728903,0.94,0.07805982232093811
27,7,True,False,0.20422479065259297,0.9386666666666666,0.07193160802125931
27,8,True,False,0.19705016545454662,0.9426666666666667,0.07582437247037888
27,9,True,False,0.22642535491784413,0.9276666666666666,0.08489011228084564
27,10,True,False,0.21838104883829754,0.9383333333333334,0.08902516961097717
27,11,True,False,0.21758423340320587,0.9316666666666666,0.11002375185489655
27,12,True,False,0.21149881450335184,0.9413333333333334,0.0796780213713646
27,13,True,False,0.20053526564439136,0.939,0.076744444668293
27,14,True,False,0.18890912965933482,0.9436666666666667,0.07707851380109787
27,15,True,False,0.21309208512306213,0.9406666666666667,0.07264554500579834
27,16,True,False,0.1814030295610428,0.9443333333333334,0.07438501715660095
27,17,True,False,0.19941753113269806,0.9416666666666667,0.07659292221069336
27,18,True,False,0.21529110825061798,0.9343333333333333,0.0770648643374443
27,19,True,False,0.1936158882379532,0.9413333333333334,0.07736389338970184
28,0,True,False,0.18839379831155142,0.9463333333333334,0.07295109331607819
28,1,True,False,0.19318427046140035,0.944,0.08151852339506149
28,2,True,False,0.2092055168946584,0.9376666666666666,0.08976507186889648
28,3,True,False,0.20652013568083447,0.939,0.07414223998785019
28,4,True,False,0.2206651385227839,0.9366666666666666,0.0795978233218193
28,5,True,False,0.20505766860644023,0.9413333333333334,0.07319848239421844
28,6,True,False,0.2017309602499008,0.94,0.09799288213253021
28,7,True,False,0.21084166117509207,0.9316666666666666,0.0769413411617279
28,8,True,False,0.19265223610401153,0.946,0.07538090646266937
28,9,True,False,0.20628160067399343,0.942,0.0781366378068924
28,10,True,False,0.21098759404818218,0.941,0.07851854711771011
28,11,True,False,0.19557993988196054,0.9403333333333334,0.07645919919013977
28,12,True,False,0.2183747193813324,0.9356666666666666,0.07841616868972778
28,13,True,False,0.19882101865609486,0.9406666666666667,0.0743313580751419
28,14,True,False,0.18233113821347555,0.946,0.07786186784505844
28,15,True,False,0.20477655255794525,0.9413333333333334,0.07510848343372345
28,16,True,False,0.18277429525057476,0.9466666666666667,0.0696161538362503
28,17,True,False,0.19188144067923227,0.9426666666666667,0.07652099430561066
28,18,True,False,0.21221198093891144,0.9363333333333334,0.07813446968793869
28,19,True,False,0.18951145116488138,0.9413333333333334,0.0757298693060875
29,0,True,False,0.18730972786744435,0.9473333333333334,0.07127489149570465
29,1,True,False,0.20342569935321808,0.936,0.0853438675403595
29,2,True,False,0.2170100905895233,0.9333333333333333,0.08044271171092987
29,3,True,False,0.19852168254057567,0.9373333333333334,0.08263251930475235
29,4,True,False,0.20335359239578246,0.9396666666666667,0.07949302345514297
29,5,True,False,0.19057404863834382,0.9476666666666667,0.0779079794883728
29,6,True,False,0.19290819732348125,0.9423333333333334,0.08095607906579971
29,7,True,False,0.207745174964269,0.94,0.07213069498538971
29,8,True,False,0.1950779670079549,0.947,0.07405057549476624
29,9,True,False,0.2000613931417465,0.942,0.08342936635017395
29,10,True,False,0.2133333287636439,0.9386666666666666,0.08680624514818192
29,11,True,False,0.18850968094666798,0.947,0.07844863086938858
29,12,True,False,0.21199144037564596,0.9396666666666667,0.08932693302631378
29,13,True,False,0.2138690490325292,0.9333333333333333,0.09123437106609344
29,14,True,False,0.1828742343187332,0.945,0.07217589765787125
29,15,True,False,0.2033064438501994,0.941,0.07498672604560852
29,16,True,False,0.17849790167808532,0.9433333333333334,0.06666404008865356
29,17,True,False,0.19012237870693208,0.9416666666666667,0.07998377829790115
29,18,True,False,0.19964854029814402,0.941,0.07328730821609497
29,19,True,False,0.18955064471562705,0.9453333333333334,0.07472483068704605
30,0,True,False,0.18287105305989584,0.9496666666666667,0.06985391676425934
30,1,True,False,0.18386693720022837,0.9446666666666667,0.07601580768823624
30,2,True,False,0.18243869789441428,0.9476666666666667,0.07010757178068161
30,3,True,False,0.1965962289571762,0.9403333333333334,0.08160141855478287
30,4,True,False,0.20167187162240346,0.9416666666666667,0.07287583500146866
30,5,True,False,0.18967937906583152,0.9463333333333334,0.07872198522090912
30,6,True,False,0.18626756556828816,0.944,0.08322590589523315
30,7,True,False,0.1876553701957067,0.943,0.07858482748270035
30,8,True,False,0.18340926496187845,0.948,0.07916344702243805
30,9,True,False,0.1970521362622579,0.9426666666666667,0.08038152754306793
30,10,True,False,0.20530390326182046,0.943,0.08681055903434753
30,11,True,False,0.1844319505294164,0.9486666666666667,0.07243957370519638
30,12,True,False,0.20532202899456023,0.942,0.0750328078866005
30,13,True,False,0.18516241919994353,0.9446666666666667,0.07128745317459106
30,14,True,False,0.18061819775899252,0.9433333333333334,0.07139705866575241
30,15,True,False,0.20039222784837088,0.939,0.0771651417016983
30,16,True,False,0.1746432514588038,0.9473333333333334,0.0720771923661232
30,17,True,False,0.1844124339024226,0.946,0.07109159231185913
30,18,True,False,0.19473051345348358,0.9406666666666667,0.07069643586874008
30,19,True,False,0.1826430038611094,0.9446666666666667,0.0801839753985405
